INSERT INTO departments VALUES ( 10 , 'Administration' , 200 , 1700); 
INSERT INTO departments VALUES ( 20 , 'Marketing' , 201 , 1800);
INSERT INTO departments VALUES ( 30 , 'Purchasing' , 114 , 1700);
INSERT INTO departments VALUES ( 40 , 'Human Resources' , 203 , 2400);
INSERT INTO departments VALUES ( 50 , 'Shipping' , 121 , 1500);
INSERT INTO departments VALUES ( 60 , 'IT' , 103 , 1400);
INSERT INTO departments VALUES ( 70 , 'Public Relations' , 204 , 2700);
INSERT INTO departments VALUES ( 80 , 'Sales' , 145 , 2500);
INSERT INTO departments VALUES ( 90 , 'Executive' , 100 , 1700);
INSERT INTO departments VALUES ( 100 , 'Finance' , 108 , 1700);
INSERT INTO departments VALUES ( 110 , 'Accounting' , 205 , 1700);
INSERT INTO departments VALUES ( 120 , 'Treasury' , NULL , 1700);
INSERT INTO departments VALUES ( 130 , 'Corporate Tax' , NULL , 1700);
INSERT INTO departments VALUES ( 140 , 'Control And Credit' , NULL , 1700);
INSERT INTO departments VALUES ( 150 , 'Shareholder Services' , NULL , 1700);
INSERT INTO departments VALUES ( 160 , 'Benefits' , NULL , 1700);
INSERT INTO departments VALUES ( 170 , 'Manufacturing' , NULL , 1700);
INSERT INTO departments VALUES ( 180 , 'Construction' , NULL , 1700);
INSERT INTO departments VALUES ( 190 , 'Contracting' , NULL , 1700);
INSERT INTO departments VALUES ( 200 , 'Operations' , NULL , 1700);
INSERT INTO departments VALUES ( 210 , 'IT Support' , NULL , 1700);
INSERT INTO departments VALUES ( 220 , 'NOC' , NULL , 1700);
INSERT INTO departments VALUES ( 230 , 'IT Helpdesk' , NULL , 1700);
INSERT INTO departments VALUES ( 240 , 'Government Sales' , NULL , 1700);
INSERT INTO departments VALUES ( 250 , 'Retail Sales' , NULL , 1700);
INSERT INTO departments VALUES ( 260 , 'Recruiting' , NULL , 1700);
INSERT INTO departments VALUES ( 270 , 'Payroll' , NULL , 1700);

INSERT INTO jobs VALUES ( 'AD_PRES' , 'President' , 20000 , 40000);
INSERT INTO jobs VALUES ( 'AD_VP' , 'Administration Vice President' , 15000 , 30000);
INSERT INTO jobs VALUES ( 'AD_ASST' , 'Administration Assistant' , 3000 , 6000);
INSERT INTO jobs VALUES ( 'FI_MGR' , 'Finance Manager' , 8200 , 16000);
INSERT INTO jobs VALUES ( 'FI_ACCOUNT' , 'Accountant' , 4200 , 9000);
INSERT INTO jobs VALUES ( 'AC_MGR' , 'Accounting Manager' , 8200 , 16000);
INSERT INTO jobs VALUES ( 'AC_ACCOUNT' , 'Public Accountant' , 4200 , 9000);
INSERT INTO jobs VALUES ( 'SA_MAN' , 'Sales Manager' , 10000 , 20000);
INSERT INTO jobs VALUES ( 'SA_REP' , 'Sales Representative' , 6000 , 12000);
INSERT INTO jobs VALUES ( 'PU_MAN' , 'Purchasing Manager' , 8000 , 15000);
INSERT INTO jobs VALUES ( 'PU_CLERK' , 'Purchasing Clerk' , 2500 , 5500);
INSERT INTO jobs VALUES ( 'ST_MAN' , 'Stock Manager' , 5500 , 8500);
INSERT INTO jobs VALUES ( 'ST_CLERK' , 'Stock Clerk' , 2000 , 5000);
INSERT INTO jobs VALUES ( 'SH_CLERK' , 'Shipping Clerk' , 2500 , 5500);
INSERT INTO jobs VALUES ( 'IT_PROG' , 'Programmer' , 4000 , 10000);
INSERT INTO jobs VALUES ( 'MK_MAN' , 'Marketing Manager' , 9000 , 15000);
INSERT INTO jobs VALUES ( 'MK_REP' , 'Marketing Representative' , 4000 , 9000);
INSERT INTO jobs VALUES ( 'HR_REP' , 'Human Resources Representative' , 4000 , 9000);
INSERT INTO jobs VALUES ( 'PR_REP' , 'Public Relations Representative' , 4500 , 10500);

INSERT INTO job_history VALUES (102 , '1993-01-13','1998-07-24', 'IT_PROG' , 60);
INSERT INTO job_history VALUES (101 , '1989-09-21','1993-10-27', 'AC_ACCOUNT' , 110);
INSERT INTO job_history VALUES (101 , '1993-10-28','1997-03-15', 'AC_MGR' , 110);
INSERT INTO job_history VALUES (201 , '1996-02-17','1999-12-19', 'MK_REP' , 20);
INSERT INTO job_history VALUES (114 , '1998-03-24','1999-12-31', 'ST_CLERK' , 50);
INSERT INTO job_history VALUES (122 , '1999-01-01','1999-12-31', 'ST_CLERK' , 50);
INSERT INTO job_history VALUES (200 , '1987-09-17','1993-06-17', 'AD_ASST' , 90);
INSERT INTO job_history VALUES (176 , '1998-03-24','1998-12-31', 'SA_REP' , 80);
INSERT INTO job_history VALUES (176 , '1999-01-01','1999-12-31', 'SA_MAN' , 80);
INSERT INTO job_history VALUES (200 , '1994-07-01','1998-12-31', 'AC_ACCOUNT' , 90);
